auroc,auprc,brier
0.9952612034571917,0.9901233825298381,0.00233695453245218
